{"stats":{"minecraft:mined":{"minecraft:crafting_table":1,"minecraft:grass":4,"minecraft:grass_block":2,"minecraft:oak_log":30,"minecraft:melon":7,"minecraft:cocoa":1,"minecraft:vine":1,"minecraft:jungle_log":22,"minecraft:dirt":4,"minecraft:stone":8,"minecraft:fern":1},"minecraft:used":{"minecraft:wooden_pickaxe":15,"minecraft:stone_axe":58,"minecraft:crafting_table":1},"minecraft:picked_up":{"minecraft:cocoa_beans":10,"minecraft:crafting_table":1,"minecraft:jungle_log":22,"minecraft:oak_log":25,"minecraft:dirt":6,"minecraft:apple":1,"minecraft:jungle_sapling":1,"minecraft:oak_sapling":1,"minecraft:melon_slice":40,"minecraft:sugar_cane":3,"minecraft:cobblestone":8},"minecraft:custom":{"minecraft:time_since_rest":4812,"minecraft:sprint_one_cm":5408,"minecraft:damage_taken":20,"minecraft:walk_one_cm":14602,"minecraft:swim_one_cm":2790,"minecraft:interact_with_crafting_table":2,"minecraft:fly_one_cm":5340,"minecraft:play_time":4812,"minecraft:sneak_time":16,"minecraft:walk_under_water_one_cm":919,"minecraft:jump":50,"minecraft:leave_game":1,"minecraft:walk_on_water_one_cm":1496,"minecraft:time_since_death":4812,"minecraft:climb_one_cm":934,"minecraft:total_world_time":4812,"minecraft:fall_one_cm":1941},"minecraft:crafted":{"minecraft:oak_planks":20,"minecraft:crafting_table":1,"minecraft:stick":8,"minecraft:wooden_pickaxe":1,"minecraft:stone_pickaxe":1,"minecraft:stone_sword":1,"minecraft:stone_axe":1}},"DataVersion":2975}